,topic,introduction,name,price,cover,authors,translator,publisher,printer,id,weight,language,format,width,height,publish_date,pages
0,sach-hoc-nghe,"Để năng lực được hình thành và phát triển ở người học thì việc sử dụng đồ dùng trực quan là cần thiết. Bởi như Lênin đã chỉ rõ, con đường nhận thức bắt nguồn từ trực quan sinh động. Hơn nữa, kiến thức lịch sử với tính không lặp lại và tính quá khứ, đòi hỏi việc sử dụng đồ dùng trực quan lại càng không thể thiếu. Trong thời gian qua, nhiều sách chuyên khảo về sử dụng đồ dùng trực quan, nhất là các kênh hình ở các cấp THCS và THPT, cả lịch sử Việt Nam lẫn lịch sử thế giới đã được xuát bản. Trong sách chuyên khảo này, nhóm tác giả đã đi vào một nhóm tranh ảnh lịch sử có phạm vi hẹp hơn đó là tranh biếm họa.
Dựa trên các đặc điểm của tranh biếm họa và những biến đổi trong đổi mới dạy học môn Lịch sử, cuốn sách được bố cục theo 3 chương:
- Chương 1: Tranh biếm họa trong dạy học lịch sử ở trường phổ thông: phân tích khái niệm ""tranh biếm họa"", vai trò, ý nghĩa và định hướng sử dụng loại tranh này.
- Chương 2: Nội dung và phương pháp sử dụng tranh biếm họa trong dạy học lịch sử ở trường phổ thông: trình bày hệ thống tranh biếm họa theo lịch đại ở cả phần lịch sử thế giới và lịch sử Việt Nam.
- Chương 3: Sử dụng tranh biếm họa trong thiết kế một số chủ đề lịch sử và kiểm tra, đánh giá: dạy học theo chủ đề là hình thức dạy học trong tương lai của bộ môn Lịch sử; còn kiểm tra, đánh giá được xác định là khâu đột phá trong đổi mới dạy học. Chương 3 thể hiện sự cập nhật với xu hướng mới dạy học trong bộ môn Lịch sử.",Sử Dụng Tranh Biếm Họa Trong Dạy Học Lịch Sử Ở Trường Phổ Thông,140000,https://www.vinabook.com/images/thumbnails/product/240x/353039_p90541mscan0001.jpg,Nhiều tác giả,,Nxb Đại học Quốc gia Hà Nội,Công Nghệ Giáo Dục VN,9786049848575,462.0,Tiếng Việt,Bìa mềm,17.0,24.0,12/2019,280
1,sach-hoc-nghe,"T.E.T - Đào Tạo Giáo Viên Hiệu Quả giúp các bậc giáo viên biết được:
- Cần phải làm gì khi học sinh gây rắc rối cho họ
- Nói sao để học sinh lắng nghe
- Giải quyết mâu thuẫn như thế nào để không ai thua cuộc và không ai bị tổn thương
- Làm thế nào để giúp đỡ học sinh hiệu quả nhất khi chúng gặp vấn đề
- Làm thế nào để thiết lập các nội quy lớp học mà học sinh có thể thoải mái, tự giác thực hiện
- Làm thế nào để tăng cường thời gian dạy - học một cách hiệu quả
Mời bạn đón đọc.",T.E.T - Đào Tạo Giáo Viên Hiệu Quả,95000,https://www.vinabook.com/images/thumbnails/product/240x/348125_p88769mdaotao.jpg,"Noel Burch, Thomas Gordon",Faros Education,NXB Phụ Nữ,Quảng Văn,8936056795381,616.0,Tiếng Việt,Bìa mềm,14.5,20.5,23/09/2019,500
2,sach-hoc-nghe,"Quyển sách này là phiên bản mới của quyển Tài ba của luật sư xuất bản năm 2010 và tái bản hai lần sau đó. Đó là kết quả của những góp ý từ độc giả, của kinh nghiệm tác giả thu thập được qua các lớp học được tổ chức tại Đoàn Luật sư TP. Hồ Chí Minh cũng như sự tìm tòi và học hỏi của tác giả trong suốt 5 năm qua. Cũng như sách trước, quyển sách này được viết cho các luật sư mới bước chân vào nghề.
Nội dung quyển sách được chia làm 4 phần:
Phần một: Giới thiệu với bạn về tư duy pháp lý và đưa ra các điều kiện bạn phải có, hay phải thay đổi so với trước kia để có thể có tư duy pháp lý. Tốt nghiệp trường luật xong bạn chưa có khả năng tư duy pháp lý để làm luật sư; vì trường luật đào tạo bạn làm cán bộ pháp chế (tức là soạn luật để cho người khác áp dụng, và giám sát việc thực hiện luật). Bạn sẽ biết về điều này rõ hơn khi đọc Chương 2 của phần này.
Phần hai: Trình bày cách tư duy pháp lý; gồm phương pháp thực hiện; các vụ án để bạn… luyện chưởng và biết tính chất của các câu hỏi pháp lý.
Phần ba: Đưa ra một số vụ án để các bạn tập làm một mình hầu kiểm tra mức độ sử dụng tư duy pháp lý
Phần bốn: Một số bài đọc thêm để bạn mở rộng kiến thức.",Tư Duy Pháp Lý Của Luật Sư (Tái Bản 2019),196000,https://www.vinabook.com/images/thumbnails/product/240x/330666_p86618mscan0001.jpg,LS Nguyễn Ngọc Bích,,Nxb Trẻ,NXB Trẻ,8934974159889,682.0,Tiếng Việt,Bìa mềm,15.5,23.0,03/2019,444
3,sach-hoc-nghe,"Với cuộc sống hiện đại việc may vá không còn quá quan trọng với chị em ngày nay, nhưng ở đâu đó vẫn có niềm đam mê, vẫn có các chị các mẹ muốn tự tay mình may cho chồng, cho con, cho người yêu một bộ quần áo đẹp hay một bộ rèm cửa trang trí ngôi nhà thân yêu, điều đó khiến các chị thấy hạnh phúc!
Mời bạn đón đọc.",Cắt May Thời Trang,39000,https://www.vinabook.com/images/thumbnails/product/240x/298875_p81014mscan0002.jpg,Quỳnh Hương,,NXB Hồng Đức,Việt Thư,8935073098758,352.0,Tiếng Việt,Bìa mềm,18.5,26.5,09/2015,160
4,sach-hoc-nghe,"Quyển sách hứa hẹn sẽ mang đến sự thú vị cho những bạn nữ khéo tay và yêu thích thời trang. Tự tạo một kiểu giỏ xách, nón, áo và khăn quàng xinh xắn..tại sao không chứ? Thỏa sức sáng tạo và diện thật đẹp với Kỹ Thuật Móc Len Sợi. 
Mời bạn đón đọc.",Kỹ Thuật Móc Len Sợi Căn Bản,36000,https://www.vinabook.com/images/thumbnails/product/240x/298888_p81013mscan0002.jpg,Quỳnh Hương,,NXB Hồng Đức,Việt Thư,9786049497971,176.0,Tiếng Việt,Bìa mềm,19.0,26.5,12/2016,64
5,sach-hoc-nghe,"Trong phần kỹ thuật các bạn sẽ được cung cấp trước tiên là những kỹ thuật may, trong đó, bao gồm các hình thức tạo mũi may thông thường và cơ bản, các đường may tay, may máy, các đường viền, chí, hình thức ráp nối trong khung may, các kiểu và mạng áo quần và cách may chi tiết (của sản phẩm): may cổ áo, bâu cáo, tay áo, túi áo của các kiểu áo…Cuốn sách này rất phù hợp với những người mới học cắt may hoặc chập chững bước vào nghề may.Mời bạn đón đọc.
Trong phần kỹ thuật các bạn sẽ được cung cấp trước tiên là những kỹ thuật may, trong đó, bao gồm các hình thức tạo mũi may thông thường và cơ bản, các đường may tay, may máy, các đường viền, chí, hình thức ráp nối trong khung may, các kiểu và mạng áo quần và cách may chi tiết (của sản phẩm): may cổ áo, bâu cáo, tay áo, túi áo của các kiểu áo…
Cuốn sách này rất phù hợp với những người mới học cắt may hoặc chập chững bước vào nghề may.",Tự Học Cắt May,54000,https://www.vinabook.com/images/thumbnails/product/240x/298877_p81012mscan0001.jpg,Quỳnh Hương,,NXB Hồng Đức,Việt Thư,9786048906160,440.0,Tiếng Việt,Bìa mềm,18.7,26.5,09/2017,208
6,sach-hoc-nghe,"Với cuộc sống hiện đại việc may vá không còn quá quan trọng với chị em ngày nay, nhưng ở đâu đó vẫn có niềm đam mê, vẫn có các chị các mẹ muốn tự tay mình may cho chồng, cho con, cho người yêu một bộ quần áo đẹp hay một bộ rèm cửa trang trí ngôi nhà thân yêu, điều đó khiến các chị thấy hạnh phúc!
Mời bạn đón đọc.",Cắt May Căn Bản (Tái Bản 2016),60000,https://www.vinabook.com/images/thumbnails/product/240x/298863_p81011mscan0001.jpg,Triệu Thị Chơi,,NXB Hồng Đức,Việt Thư,8935073101649,484.0,Tiếng Việt,Bìa mềm,19.0,26.5,01/2016,240
7,sach-hoc-nghe,"Bộ sách Phổ Biến Về Khoa Học Và Kỹ Thuật Nông Thôn bao gồm kỹ thuật thực dụng và kiến thức khoa học đa phương diện như trồng cây lương thưc, cây công nghiệp, cây ăn quả, trồng nấm ăn, nuôi trồng thủy sản, sử dụng an toàn thuốc trừ sâu, kiến thức an toàn cư dân thành thị và nông thôn. Bộ sách gồm 6 cuốn: Nghề Mộc, Gia Công Đồ Gỗ Kỹ Thuật Sử Dụng Và Sửa Chữa Đồ Điện Gia Công Kim Loại Sử Dụng Và Bảo Dưỡng Máy Cơ Khí Nông Nghiệp Nghề Nguội Cơ Bản Nhà Nông Kinh Doanh Và Quản Lý Cuốn sách khẳng định sự giàu có ngay dưới chân nhà kinh doanh chỉ cần không ngừng học hỏi, nắm bắt ý tưởng, sáng tạo, trung thực, không sợ thất bại và tuân thủ quy định pháp luật. Cuốn sách cũng chỉ rõ những điều cần làm khi bắt đầu kinh doanh: điều tra thị trường là bước đầu quan trọng, dự đoán thị trường và chính sách kinh doanh, đi vào thị trường đồng thời cũng giới thiệu về tổ chức WTO.
Mời bạn đón đọc.",Nhà Nông Kinh Doanh Và Quản Lý,28800,https://www.vinabook.com/images/thumbnails/product/240x/291735_p79874mp74519mimg1618.jpg,,,Nxb Lao động - Xã hội,Thăng Long,1130000079874,220.0,Tiếng Việt,Bìa mềm,16.0,24.0,09/2015,136
8,sach-hoc-nghe,"Bộ sách Phổ Biến Về Khoa Học Và Kỹ Thuật Nông Thôn bao gồm kỹ thuật thực dụng và kiến thức khoa học đa phương diện như trồng cây lương thưc, cây công nghiệp, cây ăn quả, trồng nấm ăn, nuôi trồng thủy sản, sử dụng an toàn thuốc trừ sâu, kiến thức an toàn cư dân thành thị và nông thôn. Bộ sách gồm 6 cuốn: Nghề Mộc, Gia Công Đồ Gỗ Kỹ Thuật Sử Dụng Và Sửa Chữa Đồ Điện Gia Công Kim Loại Sử Dụng Và Bảo Dưỡng Máy Cơ Khí Nông Nghiệp Nghề Nguội Cơ Bản Nhà Nông Kinh Doanh Và Quản Lý Cuốn sách giới thiệu kỹ thuật sử dụng và sửa chữa máy nông nghiệp loại nhỏ (máy cày tay), kỹ thuật sử dụng và sửa chữa máy bơm và thiết bị tưới tiêu dùng trong nông nghiệp, kỹ thuật sử dụng và sửa chữa bình phun sương và máy phun bột, kỹ thuật sử dụng và sửa chữa máy tuốt lúa và máy cắt dây leo.
Mời bạn đón đọc.",Sử Dụng Và Bảo Dưỡng Máy Cơ Khí Nông Nghiệp,25200,https://www.vinabook.com/images/thumbnails/product/240x/291623_p79858mp74517mimg16417.jpg,,,Nxb Lao động - Xã hội,Thăng Long,1130000079858,198.0,Tiếng Việt,Bìa mềm,16.0,24.0,09/2015,116
9,sach-hoc-nghe,"Kỹ Năng Hành Nghề Luật Sư Tư Vấn là một cuốn sách mang tính chất định hướng, hướng dẫn đúng nghĩa cho các luật sư trẻ mới vào nghề. Ngoài luật sư trẻ, các giảng viên và sinh viên trường luật hay những ai quan tâm đến lĩnh vực này cũng có thể tìm thấy các thông tin bổ ích cho quá trình dạy và học kỹ năng hành nghề luật sư tư vấn.PHẦN 1 - GIỚI THIỆU CHUNG VỀ NGHỀ LUẬT SƯ TẠI VIỆT NAMPHẦN 2 - CÁC KỸ NĂNG CƠ BẢN HÀNH NGHỀ LUẬT SƯCHƯƠNG 1 - Tìm hiểu yêu cầu và xác định vấn đề pháp lýCHƯƠNG 2 - Tìm quy định pháp lý và thông tin có liên quanCHƯƠNG 3 - Phân tích đưa ra nhận định và giải pháp pháp lýCHƯƠNG 4 - Trình bày ý kiến tư vấnPHẦN 3 - KỸ NĂNG SOẠN THẢO VÀ ĐÀM PHÁN HỢP ĐỒNGCHƯƠNG 1 - Soạn thảo hợp đồngCHƯƠNG 2 - Đàm phán hợp đồngPHẦN 4 - CÁC KỸ NĂNG KHÁC TRONG HÀNH NGHỀ LUẬTCHƯƠNG 1 - Dịch thuậtCHƯƠNG 2 - Phát triển quan hệ với khách hàngCHƯƠNG 3 - Làm việc với cơ quan nhà nướcPHẦN 5 - CÁC KỸ NĂNG MỀMCHƯƠNG 1 - Giao tiếp và ứng xửCHƯƠNG 2 - Tiếp nhận và quản lý công việcPHẦN 6 - ĐẠO ĐỨC NGHỀ NGHIỆP LUẬT SƯPHẦN 7 - TRÁCH NHIỆM CỦA LUẬT SƯPHẦN 8 - MỘT VÀI NHẬN XÉT CUỐI CÙNGPHỤ LỤC 1 MẪU Ý KIẾN TƯ VẤNPHỤ LỤC 2 MẪU HỢP ĐỒNGBẢNG TRA CỨU TỪ KHÓAMời bạn đón đọc.
Kỹ Năng Hành Nghề Luật Sư Tư Vấn là một cuốn sách mang tính chất định hướng, hướng dẫn đúng nghĩa cho các luật sư trẻ mới vào nghề. Ngoài luật sư trẻ, các giảng viên và sinh viên trường luật hay những ai quan tâm đến lĩnh vực này cũng có thể tìm thấy các thông tin bổ ích cho quá trình dạy và học kỹ năng hành nghề luật sư tư vấn.
PHẦN 1 - GIỚI THIỆU CHUNG VỀ NGHỀ LUẬT SƯ TẠI VIỆT NAM
PHẦN 2 - CÁC KỸ NĂNG CƠ BẢN HÀNH NGHỀ LUẬT SƯ
PHẦN 3 - KỸ NĂNG SOẠN THẢO VÀ ĐÀM PHÁN HỢP ĐỒNG
PHẦN 4 - CÁC KỸ NĂNG KHÁC TRONG HÀNH NGHỀ LUẬT
PHẦN 5 - CÁC KỸ NĂNG MỀM
PHẦN 6 - ĐẠO ĐỨC NGHỀ NGHIỆP LUẬT SƯ
PHẦN 7 - TRÁCH NHIỆM CỦA LUẬT SƯ
PHẦN 8 - MỘT VÀI NHẬN XÉT CUỐI CÙNG
PHỤ LỤC 1 MẪU Ý KIẾN TƯ VẤN
PHỤ LỤC 2 MẪU HỢP ĐỒNG
BẢNG TRA CỨU TỪ KHÓA",Kỹ Năng Hành Nghề Luật Sư Tư Vấn,270000,https://www.vinabook.com/images/thumbnails/product/240x/270849_p77004mbiatruoc.jpg,Trương Nhật Quang,,Nxb Lao động,ArtBook,9786045984093,550.0,Tiếng Việt,Bìa mềm,16.0,23.8,08/2017,374
10,sach-hoc-nghe,"Viết lách và nổi tiếng. Làm việc với những tên tuổi show biz. Thu nhập kha khá.Đó là ánh hào quang xung quanh một nghề đang “hot” hiện nay, thu hút nhiều bạn trẻ nhưng ít người trụ được lâu: Biên kịch.Vậy, Biên kịch là nghề thế nào? Bạn cần có những tố chất gì khi theo nghề này? Những rào cản gì có thể xảy đến với bạn? Và làm cách nào để một người mới viết kịch bản “lọt vào mắt xanh” của các nhà sản xuất phim? Con đường nào giúp bạn trau dồi, nâng cao chuyên môn và uy tín nghề nghiệp?Nghề Biên Kịch do tác giả Tuyết Hường viết trong quá trình làm nghề, dành cho những ai cần tìm và muốn hiểu.  Một cuốn sách vừa đủ để bạn tham khảo và theo đuổi đam mê. Hành trình nghề nghiệp chưa bao giờ dễ dàng. Trải nghiệm của người khác không hẳn sẽ giúp bạn trẻ rút ngắn thời gian đến với thành công, nhưng chắc chắn cho bạn sự chuẩn bị cần thiết trước khi bắt đầu, cũng có thể là trạm dừng chân lấy sức để đi tiếp nếu bạn muốn thử sức với NGHỀ BIÊN KỊCH.•    Bộ “Nghĩ thử làm thật” thuộc dòng sách chia sẻ trải nghiệm nghề nghiệp – do người trẻ viết cho người trẻ, đã phát hành các tựa: Phóng viên lữ hành/ Chưa thử sao biết không thể?/ Xin việc hay tìm việc?Mời bạn đón đọc.
Viết lách và nổi tiếng. Làm việc với những tên tuổi show biz. Thu nhập kha khá.
Đó là ánh hào quang xung quanh một nghề đang “hot” hiện nay, thu hút nhiều bạn trẻ nhưng ít người trụ được lâu: Biên kịch.
Vậy, Biên kịch là nghề thế nào? Bạn cần có những tố chất gì khi theo nghề này? Những rào cản gì có thể xảy đến với bạn? Và làm cách nào để một người mới viết kịch bản “lọt vào mắt xanh” của các nhà sản xuất phim? Con đường nào giúp bạn trau dồi, nâng cao chuyên môn và uy tín nghề nghiệp?
Nghề Biên Kịch do tác giả Tuyết Hường viết trong quá trình làm nghề, dành cho những ai cần tìm và muốn hiểu.  Một cuốn sách vừa đủ để bạn tham khảo và theo đuổi đam mê. 
Hành trình nghề nghiệp chưa bao giờ dễ dàng. Trải nghiệm của người khác không hẳn sẽ giúp bạn trẻ rút ngắn thời gian đến với thành công, nhưng chắc chắn cho bạn sự chuẩn bị cần thiết trước khi bắt đầu, cũng có thể là trạm dừng chân lấy sức để đi tiếp nếu bạn muốn thử sức với NGHỀ BIÊN KỊCH.
•    Bộ “Nghĩ thử làm thật” thuộc dòng sách chia sẻ trải nghiệm nghề nghiệp – do người trẻ viết cho người trẻ, đã phát hành các tựa: Phóng viên lữ hành/ Chưa thử sao biết không thể?/ Xin việc hay tìm việc?",Nghề Biên Kịch,46000,https://www.vinabook.com/images/thumbnails/product/240x/260314_p75878mimg813.jpg,Tuyết Hường,,Nxb Trẻ,NXB Trẻ,8934974148708,176.0,Tiếng Việt,Bìa mềm,12.0,20.0,05/2017,204
11,sach-hoc-nghe,"Bộ sách Phổ Biến Về Khoa Học Và Kỹ Thuật Nông Thôn bao gồm kỹ thuật thực dụng và kiến thức khoa học đa phương diện như trồng cây lương thưc, cây công nghiệp, cây ăn quả, trồng nấm ăn, nuôi trồng thủy sản, sử dụng an toàn thuốc trừ sâu, kiến thức an toàn cư dân thành thị và nông thôn. Bộ sách gồm 6 cuốn: Nghề Mộc, Gia Công Đồ Gỗ Kỹ Thuật Sử Dụng Và Sửa Chữa Đồ Điện Gia Công Kim Loại Sử Dụng Và Bảo Dưỡng Máy Cơ Khí Nông Nghiệp Nghề Nguội Cơ Bản Nhà Nông Kinh Doanh Và Quản Lý Cuốn sách khẳng định sự giàu có ngay dưới chân nhà kinh doanh chỉ cần không ngừng học hỏi, nắm bắt ý tưởng, sáng tạo, trung thực, không sợ thất bại và tuân thủ quy định pháp luật. Cuốn sách cũng chỉ rõ những điều cần làm khi bắt đầu kinh doanh: điều tra thị trường là bước đầu quan trọng, dự đoán thị trường và chính sách kinh doanh, đi vào thị trường đồng thời cũng giới thiệu về tổ chức WTO.
Mời bạn đón đọc.",Nhà Nông Kinh Doanh Và Quản Lý,38000,https://www.vinabook.com/images/thumbnails/product/240x/251868_p74519mimg1618.jpg,,,Nxb Lao động - Xã hội,Thăng Long,8935075936881,220.0,Tiếng Việt,Bìa mềm,16.0,24.0,09/2015,136
12,sach-hoc-nghe,"Bộ sách Phổ Biến Về Khoa Học Và Kỹ Thuật Nông Thôn bao gồm kỹ thuật thực dụng và kiến thức khoa học đa phương diện như trồng cây lương thưc, cây công nghiệp, cây ăn quả, trồng nấm ăn, nuôi trồng thủy sản, sử dụng an toàn thuốc trừ sâu, kiến thức an toàn cư dân thành thị và nông thôn. Bộ sách gồm 6 cuốn: Nghề Mộc, Gia Công Đồ Gỗ Kỹ Thuật Sử Dụng Và Sửa Chữa Đồ Điện Gia Công Kim Loại Sử Dụng Và Bảo Dưỡng Máy Cơ Khí Nông Nghiệp Nghề Nguội Cơ Bản Nhà Nông Kinh Doanh Và Quản Lý Cuốn sách giới thiệu vật liệu thường dùng trong nghề mộc, đồ nghề thợ mộc và các thao tác, kết cấu gỗ và cách chế tác, sơ lược về máy gia công gỗ và hiểu biết cơ bản về đọc bản vẽ.
Mời bạn đón đọc.","Nghề Mộc, Gia Công Đồ Gỗ",21600,https://www.vinabook.com/images/thumbnails/product/240x/251867_p74518mimg1639.jpg,,,Nxb Lao động - Xã hội,Thăng Long,8935075936836,154.0,Tiếng Việt,Bìa mềm,16.0,24.0,09/2015,76
13,sach-hoc-nghe,"Bộ sách Phổ Biến Về Khoa Học Và Kỹ Thuật Nông Thôn bao gồm kỹ thuật thực dụng và kiến thức khoa học đa phương diện như trồng cây lương thưc, cây công nghiệp, cây ăn quả, trồng nấm ăn, nuôi trồng thủy sản, sử dụng an toàn thuốc trừ sâu, kiến thức an toàn cư dân thành thị và nông thôn. Bộ sách gồm 6 cuốn: Nghề Mộc, Gia Công Đồ Gỗ Kỹ Thuật Sử Dụng Và Sửa Chữa Đồ Điện Gia Công Kim Loại Sử Dụng Và Bảo Dưỡng Máy Cơ Khí Nông Nghiệp Nghề Nguội Cơ Bản Nhà Nông Kinh Doanh Và Quản Lý Cuốn sách giới thiệu kỹ thuật sử dụng và sửa chữa máy nông nghiệp loại nhỏ (máy cày tay), kỹ thuật sử dụng và sửa chữa máy bơm và thiết bị tưới tiêu dùng trong nông nghiệp, kỹ thuật sử dụng và sửa chữa bình phun sương và máy phun bột, kỹ thuật sử dụng và sửa chữa máy tuốt lúa và máy cắt dây leo.
Mời bạn đón đọc.",Sử Dụng Và Bảo Dưỡng Máy Cơ Khí Nông Nghiệp,33600,https://www.vinabook.com/images/thumbnails/product/240x/251866_p74517mimg16417.jpg,,,Nxb Lao động - Xã hội,Thăng Long,8935075936874,198.0,Tiếng Việt,Bìa mềm,16.0,24.0,09/2015,116
14,sach-hoc-nghe,"Bộ sách Phổ Biến Về Khoa Học Và Kỹ Thuật Nông Thôn bao gồm kỹ thuật thực dụng và kiến thức khoa học đa phương diện như trồng cây lương thưc, cây công nghiệp, cây ăn quả, trồng nấm ăn, nuôi trồng thủy sản, sử dụng an toàn thuốc trừ sâu, kiến thức an toàn cư dân thành thị và nông thôn. Bộ sách gồm 6 cuốn: Nghề Mộc, Gia Công Đồ Gỗ Kỹ Thuật Sử Dụng Và Sửa Chữa Đồ Điện Gia Công Kim Loại Sử Dụng Và Bảo Dưỡng Máy Cơ Khí Nông Nghiệp Nghề Nguội Cơ Bản Nhà Nông Kinh Doanh Và Quản Lý Cuốn sách giới thiệu thiết bị cơ bản của thợ nguội; vạch mẫu; dũa; cưa cắt kim loại; khoan lỗ, nong lỗ và doa lỗ; ta rô và ren răng; đục kim loại; nắn và uốn kim loại.
Mời bạn đón đọc.",Nghề Nguội Cơ Bản,33600,https://www.vinabook.com/images/thumbnails/product/240x/251865_p74516mimg16610.jpg,,,Nxb Lao động - Xã hội,Thăng Long,8935075936843,198.0,Tiếng Việt,Bìa mềm,16.0,24.0,09/2015,116
15,sach-hoc-nghe,"Bạn đọc thân thuộc với nhà văn Nguyễn Quang Lập chắc chắn biết qua hàng loạt tác phẩm: Ký ức vụn 1, Ký ức vụn 2, Bạn văn 1, Bạn văn 2, Hạnh phúc mong manh, 49 cây cơm nguội, Chuyện nhà quê, Những mảnh đời đen trắng, Tình cát. Tuy nhiên, ông còn là tác giả của nhiều kịch bản điện ảnh xuất sắc như Đời cát, Thung lũng hoang vắng, Không có Eva, Đảo của dân ngụ cư…, trong đó với hai kịch bản phim Đời cát và Thung lũng hoang vắng ông được trao giải nhà biên kịch xuất sắc nhất trong Liên hoan phim Việt Nam lần thứ 11 (2001). Một tác phẩm điện ảnh hay, trước hết ở kịch bản đắt. Sách về lĩnh vực này xưa nay khá ít và hầu hết là sách dịch.Năm 2016, Nguyễn Quang Lập có mở lớp biên kịch online và các bạn trẻ, những nhà biên kịch tương lai rất quan tâm theo học. Điều đó chứng tỏ nhu cầu được học hỏi về lĩnh vực này là rất cao. Chính vì vậy, cuốn sách Để Trở Thành Nhà Biên Kịch Phim Truyện của tác giả Nguyễn Quang Lập là cuốn sách không thể thiếu cho các nhà biên kịch tương lai hoặc những ai đang muốn tìm hiểu về nghề này. Với khoảng 270 trang sách, những gì then chốt nhất, quan trọng nhất, cơ bản nhất để bạn đọc có thể ứng dụng thực hành được ngay: XÂY DỰNG Ý TƯỞNG, XÂY DỰNG CHUYỆN PHIM, CẤU TRÚC BA HỒI, XÂY DỰNG NHÂN VẬT, TẠO CẢNH, THOẠI, SOẠN THẢO VĂN BẢN và một số kịch bản để tham khảo. Điều mà nhà văn hướng đến cho nghề nghiệp này chính là “Để trở thành nhà biên kịch cần cả phông văn hoá và kỹ năng biên kịch”.Mời bạn đón đọc.
Bạn đọc thân thuộc với nhà văn Nguyễn Quang Lập chắc chắn biết qua hàng loạt tác phẩm: Ký ức vụn 1, Ký ức vụn 2, Bạn văn 1, Bạn văn 2, Hạnh phúc mong manh, 49 cây cơm nguội, Chuyện nhà quê, Những mảnh đời đen trắng, Tình cát. Tuy nhiên, ông còn là tác giả của nhiều kịch bản điện ảnh xuất sắc như Đời cát, Thung lũng hoang vắng, Không có Eva, Đảo của dân ngụ cư…, trong đó với hai kịch bản phim Đời cát và Thung lũng hoang vắng ông được trao giải nhà biên kịch xuất sắc nhất trong Liên hoan phim Việt Nam lần thứ 11 (2001). Một tác phẩm điện ảnh hay, trước hết ở kịch bản đắt. Sách về lĩnh vực này xưa nay khá ít và hầu hết là sách dịch.
Năm 2016, Nguyễn Quang Lập có mở lớp biên kịch online và các bạn trẻ, những nhà biên kịch tương lai rất quan tâm theo học. Điều đó chứng tỏ nhu cầu được học hỏi về lĩnh vực này là rất cao. Chính vì vậy, cuốn sách Để Trở Thành Nhà Biên Kịch Phim Truyện của tác giả Nguyễn Quang Lập là cuốn sách không thể thiếu cho các nhà biên kịch tương lai hoặc những ai đang muốn tìm hiểu về nghề này. Với khoảng 270 trang sách, những gì then chốt nhất, quan trọng nhất, cơ bản nhất để bạn đọc có thể ứng dụng thực hành được ngay: XÂY DỰNG Ý TƯỞNG, XÂY DỰNG CHUYỆN PHIM, CẤU TRÚC BA HỒI, XÂY DỰNG NHÂN VẬT, TẠO CẢNH, THOẠI, SOẠN THẢO VĂN BẢN và một số kịch bản để tham khảo. Điều mà nhà văn hướng đến cho nghề nghiệp này chính là “Để trở thành nhà biên kịch cần cả phông văn hoá và kỹ năng biên kịch”.",Để Trở Thành Nhà Biên Kịch Phim Truyện,112000,https://www.vinabook.com/images/thumbnails/product/240x/247400_p73691mdetrothanh.jpg,Nguyễn Quang Lập,,NXB Văn hóa - Văn nghệ,Phương Nam,8932000125068,374.0,Tiếng Việt,Bìa mềm,15.5,23.5,03/2017,272
16,sach-hoc-nghe,"Lịch sử nghề luật sư ở Việt Nam là công trình nghiên cứu độc lập về quá trình hình thành và phát triển nghề nghiệp luật sư ở nước ta, từ thời kỳ đầu tiên dưới ách độ hộ của thực dân Pháp, qua các chế độ trước năm 1975, cho đến ngày nay. Đây là quyển sách chuyên khảo liên ngành tiếp theo quyển Truyền thống luật sư Việt Nam cũng do hai tác giả biên soạn, được Nhà xuất bản Tổng hợp Thành phố Hồ Chí Minh xuất bản cuối năm 2014, đã được dư luận độc giả hoan nghênh, tìm đọc.
Là hai luật sư có quá trình hoạt động nghề nghiệp gần như suốt đời mình, Luật sư Phan Đăng Thanh và Luật sư Trương Thị Hòa còn là hai nhà nghiên cứu lịch sử, từng nhiều năm tham gia giảng dạy bộ môn “Lịch sử Nhà nước và pháp luật Việt Nam” ở các Trường đại học tại Thành phố Hồ Chí Minh (như: Trường Đại học Mở – Bán công, Đại học Luật, Đại học Tổng hợp sau là Đại học Khoa học Xã hội và Nhân văn Thành phố Hồ Chí Minh…) và diễn giảng các môn về kỹ năng hành nghề tại Trường đào tạo nghề luật sư thuộc Bộ Tư pháp – Học viện Tư pháp hiện nay.
Qua nội dung quyển sách này, tác giả đã sưu tầm các nguồn tài liệu khả tín từ các Kho lưu trữ quốc gia của Nhà nước qua các thời kỳ, Thư viện Khoa học Tổng hợp và Thư viện Khoa học Xã hội Thành phố Hồ Chí Minh, các sách báo và hình ảnh từ nguồn mạng điện tử, tư liệu gia đình do người thân của các cố luật sư cung cấp.
Có thể nói, đây là quyển sách hữu ích đối với các nhà nghiên cứu, các sinh viên và các luật sư, cũng như độc giả xa gần có lòng quan tâm đến vấn đề này.",Lịch Sử Nghề Luật Sư Ở Việt Nam,160000,https://www.vinabook.com/images/thumbnails/product/240x/196443_p66216mbtt.jpg,"Trương Thị Hòa, Phan Đăng Thanh",,Nxb Tổng hợp TP.HCM,NXBTH TPHCM,9786045843215,814.0,Tiếng Việt,Bìa cứng,16.0,24.0,09/2015,516
17,sach-hoc-nghe,"Cùng với xu thế hội nhập quốc tế, việc kinh 
doanh thức uống đang ngày càng phát triển. Rượu coocktail, loại thức 
uống hỗn hợp được pha chế từ 1 hay 2 loại rượu kết hợp cùng một số 
nguyên liệu khác như nước trái cây, nước có gas, trứng, sữa…Cũng đang 
ngày càng phổ biến và hấp dẫn không chỉ bởi hương vị, màu sắc, cách 
trang trí mà còn luôn được sáng tạo, cập nhật nhằm mang lại sự mới lạ, 
đáp ứng nhu cầu thưởng thức của nhiều người.
Ở Việt Nam hiện nay có không ít các trường 
nghiệp vụ du lịch và trung tâm dạy nghề đào tạo nghiệp vụ bartender, 
nhưng chỉ với thời gian ngắn nên hầu như các bartender chỉ nắm được các 
kiến thức chung về rượu; kỹ thuật, phong cách pha chế; cách làm việc, 
phối hợp trong bar. Còn về công thức cocktail thì chỉ được hướng d đang 
ngày càng phát triển. Rượu cocktail, loại thức uống hỗn hợp được pha chế
 từ 1 hay 2 loại rượu kết hợp cùng một số nguyên loại khác như nước trái
 cây, vẫn thực hiện tối đa 120 công thức cocktail phổ biến.

Chương 1: Tổng quan về Cocktail
Chương 2: Nghệ thuật trang trí và nguyên liệu phá chế Cocktail
Chương 3: Kỹ thuật pha chế cocktail
Chương 4: Các loại đồ uống
Chương 5: Phong cách phục vụ đồ uống
Chỉ có 5 chương ngắn gọn, hỵ vọng sau khi nghiên cứu cuốn sách bạn đọc sẽ nắm bắt được các kỹ năng cơ bản từ cách chọn lựa và tự định hướng các thành phần nhiên liệu , xác định phương pháp cho đến việc trang trí để pha chế một ly Cocktail hoàn hảo. Ngoài ra, cuốn sách còn có phần phụ lục nhằm giới thiệu một số kinh nghiệm cần thiết để trở thành một Bartender chuyên nghiệp.
Mời bạn đón đọc.",Nâng Cao Nghiệp Vụ Bartender & Pha Chế Cocktail Rượu Việt Nam,48000,https://www.vinabook.com/images/thumbnails/product/240x/137895_xx292.jpg,Nguyễn Xuân Ra,,,NXB Thông Tin và Truyền Thông,8935217100422,220.0,,Bìa mềm,14.5,20.5,12/2013,180
18,sach-hoc-nghe,"Tài ba của luật sư 
là nói đến khả năng phân tích các sự kiện, vấn đề trong các tình huống, 
hoàn cảnh khác nhau và kết nối chúng với luật pháp tương ứng. Để có và 
đạt được những khả năng này các luật sư, nhất là các luật sư mới vào 
nghề cần phải có những điều kiện và kỹ thuật nhất định giống như là hoa hậu 
thì phải có chân dài. Đó chính là nội dung được trình bày trong cuốn 
sách này. 
Sách gồm các phần: 
Cuốn sách sẽ là tài liệu gối đầu của những ai muốn trở thành 
luật sư. 
Mời bạn đón đọc",Tài Ba Của Luật Sư - Tái bản 06/2013,92000,https://www.vinabook.com/images/thumbnails/product/240x/136412_biatruoc613q-pu.jpg,Nguyễn Ngọc Bích,,Nxb Trẻ,NXB Trẻ,8934974119852,506.0,,Bìa mềm,14.0,20.0,06/2013,444
19,sach-hoc-nghe,"Kỹ Thuật Làm Đồ Chơi & Vật Dụng Bằng Vải
Ngày nay, kỹ thuật và nghệ thuật làm sống xã hội rất phong phú.
Sách này giới thiệu các loại đồ chơi và vật dụng làm bằng vải rất xinh xắn dễ thương. Thậm chí bạn có thể tận dụng những mẫu vải bố nho nhỏ để tạo thành vật dụng hữu ích như túi vải đi dã ngoại, đế đặt ly cốc v.v....
Những con vật vui như con rùa, con mèo cũng rất dễ làm và nếu đặt chúng trên kệ sách, kệ tivi trong gia đình cũng có thể tăng thêm phần mỹ cảm, sinh động cho gian phòng khách của nhà bạn. Nhưng vật này đều dễ làm với vải đường khâu hoặc nút kết đơn giản.
Mời bạn đón đọc.",Kỹ Thuật Làm Đồ Chơi Và Vật Dụng Bằng Vải,16000,https://www.vinabook.com/images/thumbnails/product/240x/46290_52833.jpg,Trần Mỹ Linh,Tiểu Quỳnh(Biên Dịch),Nxb Tổng hợp TP.HCM,Quang Minh,8936016001194,132.0,,Bìa mềm,14.5,20.5,03/2005,68
20,sach-hoc-nghe,"Giáo Trình Tính Toán Truyền Động Và Kiểm Nghiệm Độ Bền Của Một Số Cụm Chuyển Động - Dùng Cho Trình Độ Cao Đẳng Nghề
Mục lục:
Giới thiệu về mô đun
Thiết kế truyền động đai
Thiết kế bộ truyền động xích
Thiết kế truyền động bánh răng
Thiết kế truyền động bánh vít
Thiết kế trục và tính then
Thiết kế gối đỡ trục
Mời bạn đón đọc",Giáo Trình Tính Toán Truyền Động Và Kiểm Nghiệm Độ Bền Của Một Số Cụm Chuyển Động - Dùng Cho Trình Độ Cao Đẳng Nghề,21000,https://www.vinabook.com/images/thumbnails/product/240x/32937_39478.jpg,,,Nxb Lao động,Kinh Đô 2,8935206502756,220.0,,Bìa mềm,14.5,20.5,04/2010,192
21,sach-hoc-nghe,"Sách cung cấp cho bạn những thông tin phong phú, đa diện, sâu sắc và xác đáng về định hướng nghề nghiệp thông qua những câu hỏi đáp do tác giả Quang Dương - nguyên chủ nhiện Ban Tâm lý học, Viện nghiên cứu Giáo dục Đào tạo phía Nam biên soạn, tổng hợp. Sách gồm hai phần: hỏi đáp tư vấn theo chủ đề và hỏi đáp tư vấn chung, giúp bạn có những hình dung nhất định về một số ngành nghề và những kỹ năng cũng như tố chất cần có khi bạn lựa chọn những ngành nghề đó. 
Ngoài ra sách còn có phần bài test EQ giúp bạn tìm hiểu rõ về bản thân mình để tự trang bị những kỹ năng cần thiết khi quyết định chọn nghề.
Sách dành cho học sinh phổ thông và các bậc phụ huynh để giúp con hướng nghiệp.
Mời bạn đón đọc.",Tư Vấn Hướng Nghiệp - Trọn Bộ 2 Cuốn,54000,https://www.vinabook.com/images/thumbnails/product/240x/32538_39078.jpg,Quang Dương,,Nxb Trẻ,NXB Trẻ,,440.0,,Bìa mềm,14.0,20.0,03/2010,439
22,sach-hoc-nghe,"Ngày nay, kỹ thuật và nghệ thuật làm sống xã hội rất phong phú.
Sách này giới thiệu các loại đồ chơi và vật dụng làm bằng vải rất xinh xắn dễ thương. Thậm chí bạn có thể tận dụng những mẫu vải bố nho nhỏ để tạo thành vật dụng hữu ích như túi vải đi dã ngoại, đế đặt ly cốc v.v....
Những con vật vui như con rùa, con mèo cũng rất dễ làm và nếu đặt chúng trên kệ sách, kệ tivi trong gia đình cũng có thể tăng thêm phần mỹ cảm, sinh động cho gian phòng khách của nhà bạn. Nhưng vật này đều dễ làm với vải đường khâu hoặc nút kết đơn giản.
Mời bạn đón đọc.",Kỹ Thuật Làm Đồ Chơi & Vật Dụng Bằng Vải,25000,https://www.vinabook.com/images/thumbnails/product/240x/32496_39035.jpg,Trần Mỹ Linh,,Nxb Tổng hợp TP.HCM,Quang Minh,8935209611455,132.0,,Bìa mềm,14.5,20.5,03/2011,68
23,sach-hoc-nghe,"""Trong cuốn sách sinh động này, hai nhà giáo dục lỗi lạc mô tả các đặc điểm trí tuệ, đạo đức và xúc cảm của các giáo viên giỏi nghề và khích lệ những người theo nghề dạy nhận thức được các yếu tố cấu tạo nghệ thuật thanh cao của họ.
Một cuốn sách thanh nhã tinh tế về một đề tài quan trọng nhưng thường bị thờ ơ. Trong tập chuyên luận đạo đức này, các tác giả không những đã trình bày rất thông minh về nghề dạy học mà còn nắm bắt được cái đẹp của nó"" (Roger Rosenblatt)
""Khi con biết tin con được giải thưởng, người đầu tiên con nghĩ đến là mẹ con, sau đó là thầy. Nếu không có thầy, nếu không có bàn tay thân thương của thầy chìa ra với một đứa trẻ nghèo khó như con, nếu không có sự dạy dỗ và tấm gương sáng của thầy thì tất cả những điều này đã không xảy ra. Con không xem điều này là to tát. Nhưng ít nhất nó cho con có dịp được thưa với thầy rằng thầy đã và sẽ luôn luôn là người thầy đối với con, và con xin đoan chắc với thầy là những nỗ lực, những việc làm, và trái tim bao dung của thầy dành cho con sẽ luôn còn ở trong con, một trong những học trò nhỏ của thầy mà dù có lớn thêm bao nhiêu chăng nữa thì cũng sẽ không bao giờ thôi là đứa học trò biết ơn của thầy. Con ôm thầy thật chặt"". (Trích diễn văn nhận giải Nobel văn chương năm 1957 của nhà văn Pháp Albert Camus)
Mời bạn đón đọc.",Những Yếu Tố Cơ Bản Của Nghề Dạy Học,33000,https://www.vinabook.com/images/thumbnails/product/240x/32007_38542.jpg,"James M. Banner , Harold C. Cannon",Nguyễn Phúc Thành,Nxb Văn Hóa Sài Gòn,Fahasa,,240.0,,Bìa mềm,12.0,20.0,12/2009,248
24,sach-hoc-nghe,"Dân tộc ta hàng ngàn năm nay, cùng với nghề nông là cơ bản, đã có rất nhiều nghề thuộc nhiều lĩnh vực: Ngư nghiệp, lâm nghiệp, thủ công, mỹ nghệ v.v... những nghề nghiệp ấy đã đảm bảo cuộc sống trường tồn cho các tầng lớp nhân dân, và ngay đến ngày nay vẫn đang phục vụ cho nhiều nhu cầu trong đời sống. 
Nói ""Bách nghệ"" không nên hiểu ở phạm vi hẹp mà nên nghĩ rằng có những nghề và có cả những ngành. Cha ông ta xưa quan niệm chữ ""nghệ"" một cách rất rộng rãi mà chính xác. Nói bách nghệ là nói cả ngành nghề. ""Nhân sinh thế thượng thủy vô nghệ"" chính là ở chỗ này.
Những ngành nghề khác nhau ra đời là nhu cầu sinh hoạt, nhu cầu thẩm mỹ, nhu cầu chiến đấu. Tất nhiên, trước nhất phải bắt đầu bằng một sự sáng tạo phát minh, bằng bàn tay khối óc của những người khai phá. Nếu con người thật không còn đề lại dấu tích rõ ràng, hoặc có khi thành quả kỳ diệu này phải do nhiều người, nhiều đời góp lại nên không thể biết chắc là ai, thì cũng vần phải nghĩ rằng phải có một tác giả vô hình, khuyết danh nào đó.
Tưởng tượng hay bịa đắt ra điều đó không phải là một việc vô nghĩa, tùy tiện, mà chỉ là một biểu hiện của lòng biết ơn. Con người vô ơn không phải là con người có đạo đức. Nhân dân ta từ xưa rất trân trọng những người, những vị sáng tạo ấy, đã dùng thuật ngữ kính cẩn ""Bách nghệ tổ sư"". Hằng năm, nhiều làng nghệ, phương hội vẫn có ngày hội để kỷ niệm, cúng lễ. Có nhiều vị tổ ngành nghề được biết rõ tiểu sử. Nhưng cũng không hiếm gì những ngành nghề không thể tìm ra xuất xứ rõ ràng. Người ta sẵn sàng tìm sự viện trợ ở kho tàng huyền thoại hay ở biện pháp huyền thoại hóa, kể cả những vị tổ mà tiểu sử quá mơ hồ. Biện pháp sau này vẫn được khai thác để tăng phần thiêng liêng cho sự tôn vinh.
Mời bạn đón đọc.",Các Ngành Nghề Việt Nam,29000,https://www.vinabook.com/images/thumbnails/product/240x/31410_37939.jpg,Vũ Ngọc Khánh,,NXB Thanh Niên,Thăng Long,8935075918290,240.0,,Bìa mềm,14.5,20.5,12/2009,228
25,sach-hoc-nghe,"Cùng với sự phát triển của khoa học công nghệ trên thế giới, lĩnh vực cơ chí chế tạo nói chung và ngành Hàn ở Việt Nam nói riêng đã có những bước phát triển đáng kể về số lượng và chất lượng đóng góp cho sự nghiệp công nghiệp hóa - hiện đại hóa đất nước. Việc biên soạn tài liệu chuyên môn nhằm đáp ứng nhu cầu về tài liệu cho học sinh, tài liệu tham khảo cho giáo viên, tạo tiếng nói chung trong quá trình đào tạo, phù hợp với tiêu chuẩn Quốc tế và đáp ứng yêu cầu sản xuất thực tế là một điều cấp thiết.
Mục lục: 
MĐ26 - Tổ chức quản lý sản xuất
MĐ27 - Hàn ống chất lượng cao
MĐ28 - Quy trình hàn
MĐ29 - Kiểm tra chất lượng mối hàn
MĐ30- Tính toán kết cấu hàn
MĐ40 - Cắt kim loại tấm bằng Ô-xy khí cháy, hồ quang Plasma trên máy cắt CNC
Mời bạn đón đọc.",Giáo Trình Nghề Hàn (Dùng Cho Trình Độ Cao Đẳng Nghề) - Tập 3,32000,https://www.vinabook.com/images/thumbnails/product/240x/31310_37839.jpg,,,Nxb Lao động,Kinh Đô 2,8935206502374,330.0,,Bìa mềm,17.0,24.0,09/2009,224
26,sach-hoc-nghe,"Chọn nghề là công việc không hề đơn giản, cần dành nhiều thời gian để nghiên cứu, hiểu rõ lợi ích mà nghề mang đến cho mình cũng như cái mất mát khi dấn thân vào nghề. Chọn đúng nghề sẽ là khởi đầu tốt đẹp để tiến gần đến thành công. Chọn sai nghề có thể sẽ làm bạn đánh mất cả tương lai và cả chính bản thân bạn. Đấy là vấn đề nan giải đối với nhiều bạn trẻ.
Cuốn sách ""Chọn Nghề Chọn Tương Lai"" gồm 2 tập giới thiệu nhiều ngành nghề với nhiều lĩnh vực khác nhau, nó sẽ giúp các bạn trẻ tự tìm cho mình một nghề thực sự yêu thích, thật sự phù hợp với tính cách, năng lực hiện có của bản thân thông qua bài trắc nghiệm nghề nghiệp. Sách còn giới thiệu cho bạn biết những yêu cầu cụ thể cần phải có cho từng nghề, môi trường làm việc và công việc phải làm ứng với từng vị trí, nơi đào tạo nghề thậm chí có kèm mức lương để bạn tham khảo.
Mời bạn đón đọc.",Chọn Nghề Chọn Tương Lai (Tập 2),25000,https://www.vinabook.com/images/thumbnails/product/240x/31080_37606.jpg,,,Nxb Trẻ,NXB Trẻ,8934974091219,230.0,,Bìa mềm,14.0,20.0,10/2009,216
27,sach-hoc-nghe,"Chọn nghề là công việc không hề đơn giản, cần dành nhiều thời gian để nghiên cứu, hiểu rõ lợi ích mà nghề mang đến cho mình cũng như cái mất mát khi dấn thân vào nghề. Chọn đúng nghề sẽ là khởi đầu tốt đẹp để tiến gần đến thành công. Chọn sai nghề có thể sẽ làm bạn đánh mất cả tương lai và cả chính bản thân bạn. Đấy là vấn đề nan giải đối với nhiều bạn trẻ.
Cuốn sách ""Chọn Nghề Chọn Tương Lai"" gồm 2 tập giới thiệu nhiều ngành nghề với nhiều lĩnh vực khác nhau, nó sẽ giúp các bạn trẻ tự tìm cho mình một nghề thực sự yêu thích, thật sự phù hợp với tính cách, năng lực hiện có của bản thân thông qua bài trắc nghiệm nghề nghiệp. Sách còn giới thiệu cho bạn biết những yêu cầu cụ thể cần phải có cho từng nghề, môi trường làm việc và công việc phải làm ứng với từng vị trí, nơi đào tạo nghề thậm chí có kèm mức lương để bạn tham khảo.
Mời bạn đón đọc.
Cuốn sách ""Chọn nghề - chọn tương lai"" (gồm 2 tập) sẽ giới thiệu nhiều ngành nghề với nhiều lĩnh vực khác nhau, nó sẽ giúp các bạn trẻ tự tìm cho mình một nghề thực sự yêu thích, thật sự phù hợp với tính cách, năng lực hiện có của bản thân thông qua bài trắc nghiệm nghề nghiệp. 
Ngoài ra, cuốn sách còn giới thiệu cho bạn biết những yêu cầu cụ thể cần phải có cho từng nghề; môi trường làm việc và công việc phải làm ứng với từng vị trí; nơi đào tạo nghề thậm chí có kèm mức lương để bạn tham khảo.P. Long(Nguồn: Báo Lao động)",Chọn Nghề Chọn Tương Lai (Tập 1),24000,https://www.vinabook.com/images/thumbnails/product/240x/31079_37605.jpg,,,Nxb Trẻ,NXB Trẻ,8934974091202,220.0,,Bìa mềm,14.0,20.0,10/2009,204
28,sach-hoc-nghe,,Giáo Trình Nghề Hàn (Dùng Cho Trình Độ Trung Cấp Nghề Và Cao Đẳng Nghề ) - Tập 1,37000,https://www.vinabook.com/images/thumbnails/product/240x/30963_37487.jpg,,,Nxb Lao động,Kinh Đô 2,8935206502312,330.0,,Bìa mềm,17.0,24.0,09/2009,224
29,sach-hoc-nghe,,Giáo Trình Nghề Hàn (Dùng Cho Trình Độ Trung Cấp Nghề Và Cao Đẳng Nghề ) - Tập 2,33000,https://www.vinabook.com/images/thumbnails/product/240x/30962_37486.jpg,,,Nxb Lao động,Kinh Đô 2,8935206502329,330.0,,Bìa mềm,17.0,24.0,09/2009,224
30,sach-hoc-nghe,"Dù xuất thân từ các giai tầng, địa vị nào, hay thuộc bất cứ ngành nghề gì, chúng ta cũng mong mình làm ăn phát đạt, cuộc sống luôn an nhàn, hạnh phúc. Người phương Đông luôn quan niệm rằng: “Có thờ có thiêng, có kiêng có lành”, nên từ lâu việc thờ cúng hầu như đã trở thành một tục lệ không thể thiếu.
Mỗi ngành nghề đều có nguồn gốc, lai lịch và người sáng lập riêng. Dựa vào những truyền thuyết thú vị của người Trung Quốc, tác giả giải thích khá rõ về nguồn gốc các tổ sư của những ngành nghề thường gặp cũng như cho người đọc thấy được tầm quan trọng của việc thờ cúng tổ nghề. Nội dung sách thiết thực, các bước chỉ dẫn đơn giản, cụ thể, giúp độc giả thuận lợi hơn trong việc thờ cúng các tổ nghề hoặc thần Phật mà mình tôn kính.
Mục lục:
Lời nói đầu
Phương pháp thờ cúng
Thần nghề âm nhạc
Thần nghề diễn viên
Thần nghề cây cảnh
Thần nghề văn chức
Thần nghề xuất bản, in ấn, chế tạo giấy
Thần nghề sáng tác
…..
Mời bạn đón đọc.",Nguồn Gốc Các Tổ Nghề,17000,https://www.vinabook.com/images/thumbnails/product/240x/30629_37151.jpg,"Bùi Linh Linh, Khôi Nguyên",,Nxb Văn hóa Thông tin,Văn Lang,8935073070525,160.0,,Bìa cứng,13.0,19.0,10/2009,152
31,sach-hoc-nghe,"Vấn đề nghề nghiệp hiện nay đang là một trong những mối quan tâm hàng đầu trong xã hội (XH). Mỗi người khi bước vào đời đều mong muốn có được một nghề nghiệp ổn định, trên cơ sở đó họ được cống hiến, được phục vụ XH và thỏa mãn các nhu cầu vật chất, tinh thần của chính bản thân mình. Nhưng trong thực tế người ta đã chọn nghề, tuy nhiên điều chung nhất được xem là triết lý nghề nghiệp cho mọi thời đại là: “làm nghề thì phải yêu nghề”.
Cuốn sách gồm ba chương, phần kết luận, kiến nghị và các phụ lục:
Chương 1: Nghề nghiệp văn hóa – thông tin và những giá trị  của nghề nghiệp văn hóa – thông tin.
Chương 2: Thực trạng giáo dục giá trị nghề nghiệp cho sinh viên các chuyên ngành thuộc lĩnh vực văn hóa – thông tin tại các trường ĐH-CĐ hiện nay
Chương 3: Một số giải pháp nâng cao chất lượng giáo dục giá trị nghề nghiệp cho sinh viên các ngành thuộc lĩnh vực văn hóa – thông tin.
Mời bạn đón đọc",Giáo Dục Giá Trị Nghề Nghiệp Cho Sinh Viên Các Chuyên Ngành - Thuộc Lĩnh Vực Văn Hóa Thông Tin,37000,https://www.vinabook.com/images/thumbnails/product/240x/29414_35924.jpg,Đỗ Ngọc Anh,,Nxb Đại học Quốc gia TPHCM,Võ Xuân Trường,,320.0,,Bìa mềm,16.0,24.0,08/2009,239
32,sach-hoc-nghe,"Cuốn sách này là kim chỉ nam cho mỗi người chọn ngành nghề, nó là phương pháp trắc nghiệm đơn giản có tính khoa học. Đây là một cuốn từ điển trắc nghiệm tâm lý quý  báu, chọn ngành cho người cần việc mà đặc biệt là cống hiến cho quảng đại độc giả. Không tin bạn có thể thử một lần, đúng hay không đúng, thử một lần biết liền.
Những nhân tố ảnh hưởng đến việc chọn nghề của các bạn thì có rất nhiều, nhưng thông thường bao gồm những yếu tố sau:
Danh vọng xã hội của nghề nghiệp
Tình hình nghề nghiệp
Tình hình số người làm việc trong xã hội
Thu nhập kinh tế nghề nghiệp
Sự phát triển của khoa học kỹ thuật
Sự thay đổi hình thức làm việc
Hành vi giáo dục của gia đình và trường học.
Quan niệm truyền thống và tâm lý xã hội
Để có đủ khả năng sinh tồn trong cuộc sống hiện đại, dĩ nhiên không phải chỉ hoàn toàn phụ thuộc vào chỉ số thông minh thôi đâu”, điều quan trọng là chúng ta cần phải hiểu và nắm bắt được công việc sở trường của mình là gì. Làm sao có thể trở thành người tự kiểm mình một cách thông minh, không làm người mù quáng, người tự đại, ngu dốt? Làm sao có thể tìm được một nghề nghiệp lý tưởng, làm sao có thể tìm được vị trí ổn định sinh nhai nghề nghiệp của chính mình? Chỉ số thông minh nghề nghiệp từ đâu mà có? Làm sao có thể như cá gặp nước, khả năng bơi tốt trên thương trường?
Biết mình, hiểu mình là yêu cầu trước tiên của người cần việc.
Như trong binh pháp Tôn Tử có nói:
“Biết người biết ta, trăm trận trăm thắng”.
Trong thời kỳ khủng hoảng kinh tế hiện nay, để chọn cho mình một công việc hợp lý thì đó không phải là việc dễ, còn nói vấn đề sinh tồn lại càng khó hơn, đây là một sự thật không thể chối cãi được. Rất nhiều người đã đau đầu về vấn đề này. Hiện tượng này đương nhiên không phải là hiện tượng ngẫu nhiên, nó không những nói lên được kỹ năng của người cần việc cũng như tâm trạng cần việc của người chọn việc làm cho mình. Mấu chốt quan trọng nhất là nắm bắt chính xác và hiểu rõ các phương diện như năng lực tổng hợp, nhân tố  bản thân đối với người chọn ngành.
Mục lục:
Lời nói đầu
Tự trắc nghiệm mình qua tính cách
Tự trắc nghiệm bạn thân qua khí chất
Tự trắc nghiệm bản thân qua hứng thú
Tự trắc nghiệm bản thân quan năng lực
Tự trắc nghiệm bản thân qua tố chất tổng hợp nghề nghiệp…
Mời bạn đón đọc.",Chọn Nghề - Trắc Nghiệm Tâm Lý,32000,https://www.vinabook.com/images/thumbnails/product/240x/27683_34181.jpg,Quý Long,,NXB Đồng Nai,Nhân Văn,8935072824976,260.0,,Bìa mềm,12.5,20.5,04/2009,288
33,sach-hoc-nghe,"Trải qua nhiều năm học tập, giờ đây các bạn học sinh chuẩn bị bút nghiên lên đường ứng thí. Không chỉ chính các bạn học sinh mới hồi hộp, lo âu mà ngay cả cha mẹ, người thân trong gia đình cũng hết sức quan tâm tới những nỗ lực học tập của các bạn.
Những vấn đề không chỉ có nỗ lực học tập để đi thi, kết quả thì còn tuỳ thuộc phần rất lớn vào phương pháp học tập, thời gian học tập và cái mà các bạn vẫn xem nhẹ, đó là giữ gìn sức khoẻ trong mùa thi. Vì thế, ta thấy những vấn đề học tập, thi cử, giữ gìn sức khoẻ, để ý tới thức ăn bồi bổ... trong mùa học thi là hết sức quan trọng. Nó hoà quyện và liên đới với nhau. Nó thực sự không khó thực hiện, chỉ cần các bạn suy nghĩ một chút và thay đổi thói quen từng có và từng không đem đến kết quả tốt như ý thì các bạn sẽ thấy mọi việc trở nên dễ dàng hơn. Loạt sách này gồm những lời khuyên, những kinh nghiệm được đúc kết từ các giáo viên tận tụy với nghề, từ những bạn học sinh đã đạt được kết quả cao ngay ở lần thi đầu tiên và cả những bạn từng trả giá khá đắt cho quá trình học thi của mình.
Bộ sách cẩm nang dành cho học sinh để phần nào giúp các bạn bình tĩnh thoải mái giữ gìn sức khoẻ, lạc quan học tập và ôn thi sao cho đạt được kết quả như ý muốn.
Mục lục:
Lời khuyên
Chọn nghề
Khởi đầu
Phát triển và thăng tiến.
Mời bạn đón đọc.",Chọn Nghề Nghiệp Phù Hợp - Cẩm Nang Dành Cho Học Sinh,13000,https://www.vinabook.com/images/thumbnails/product/240x/27576_34074.jpg,,,Nxb Trẻ,NXB Trẻ,8934974085737,130.0,,Bìa mềm,14.0,20.0,03/2009,140
34,sach-hoc-nghe,"Các nghề ít vốn mà ta thực hiện được thuộc về ngành công nghệ. Gọi là công nghệ vì các loại vật liệu lấy ngay trong nước hay nhập khẩu có những loại lấy về làm ngay được, cũng có những loại biến chế mới thành những vật dụng hữu ích do đó phát sinh ra công nghệ. Loại công nghệ mà ta làm bằng tay trong phạm vi nhỏ hẹp gia đình cần dùng rất ít nhân công và ít sử dụng máy móc gọi là tiểu công nghệ. Ngày nay với đà tiến bộ của khoa học tiểu công nghệ có thể dùng một số máy móc thiết bị nhỏ và một số hoá chất được mang tên là công nghệ gia đình.
Cuốn sách “135 Nghề Ít Vốn Dễ Làm” được biên soạn nhằm giúp bạn đọc tìm hiểu thêm các ngành nghề thuộc tiểu công nghệ. Quyển sách được trình bày thành 7 chương:
Quyển sách này tuy nhỏ bé nhưng cũng giúp cho các bạn trang bị một số kiến thức về công nghệ nhất là các ngành nghề có tính cách sản xuất nhỏ tại gia đình (ít vốn – ít nhân công - dễ làm)
Mời bạn đón đọc.",135 Nghề Ít Vốn Dễ Làm,32000,https://www.vinabook.com/images/thumbnails/product/240x/27550_34048.jpg,"Võ Hồng, Thiên Lữ",,Nxb Trẻ,Thành Nghĩa,2000112138200,286.0,,Bìa mềm,14.5,20.5,03/2001,296
35,sach-hoc-nghe,"Trong phạm vi cuốn sách này tác giả trình bày tất cả 4 phần cơ bản của công việc đan thêu đó là: Thêu, thêu mũi chữ thập, đăng-ten, và Bargello hay các sản phẩm Florentine. Đây là cuốn sách giúp những người mới vào nghề dễ dàng học tập theo để nhanh chóng nắm vững kỹ năng. Ngoài ra, cuốn sách cũng rất hữu ích cho những người đã thạo nghề có thể nâng cao hơn nữa tay nghề của họ qua những hướng dẫn cụ thể, những gợi ý quý giá cũng như những mẹo vặt hữu dụng giúp cho công việc trôi chảy hơn. Tác giả cũng sẽ giải thích chi tiết về tất cả các dụng cụ hành nghề cũng như tất cả các trang thiết bị khác. Những đường kim minh hoạ rõ ràng và những ví dụ cụ thể sẽ giúp các quý bạn đọc dễ dàng học tập và thực hành theo.
Kỹ thuật đầu tiên mà tác giả muốn giới thiệu đến quý độc giả đó là thêu. Đây là kỹ thuật cơ bản nhất của nghề đan thêu. Những ví dụ minh hoạ rõ ràng trong chương này sẽ giúp ta thực hiện được tất cả những đường kim phức tạp nhất. Ngoài ra, chương này còn đề cập đến cách thực hiện các hiệu ứng khác nhau bằng việc thay đổi chất liệu chỉ thêu cũng như vải nền để làm cho các hoa văn được nổi bật trên mặt vải.
Kỹ thuật thứ hai là thêu mũi chữ thập. Đây cũng là một kiểu thêu nhưng sẽ được dành riêng một chương hướng dẫn cụ thể về kỹ thuật cũng như cách tạo ra các sản phẩm độc đáo. Kỹ thuật này rất đơn giản, dễ hiểu dễ thực hiện để tạo những hiệu ứng hình ảnh đẹp và chất lượng cho hình thêu.
Ngoài ra tác giả sẽ dành hẳn 2 chương để nói về kỹ thuật đăng-ten. Nhiều người chỉ học đến mũi tent và mũi chữ thập rồi không chịu nghiên cứu thêm. Trong 2 chương này quý bạn đọc sẽ được hướng dẫn kỹ thuật tạo hiệu ứng làm nổi bật những hoa văn bằng các thay đổi kiểu mũi thêu cũng như cách làm cho các đường khâu đa dạng hơn bằng cách kết hợp các màu sắc và bố cục của bức thêu.
Mục lục:
Lời giới thiệu
Chương 1: Giới thiệu các dụng cụ cơ bản
Chỉ và chỉ len
Vải khung và vải canvas
Kim thêu
Khung
Các vật dụng khác
Thiết kế hình thêu
Thêu bằng sơ đồ
Chương 2: Thêu
Các vật dụng
Thiết kế
Phóng to và thu nhỏ hình hoạ thiết kế
Thêu mũi đầu tiên
Mũi thêu
Các loại hình thêu
Chương 3: Mũi chữ thập
Các vật dụng
Bắt đầu thêu
Mũi thêu
Chương 4: Đăng – ten
Kỹ thuật đăng-ten
Vải canvas
Mũi thêu
Độ căng
Thêu bằng sơ đồ khắc phục những nhược điểm khi thêu nền canvas in sẵn
Tiến hành thêu
Thay đổi hình thêu thiết kế ban đầu
Nếu thêu hỏng
Chương 5: Bargello
Chương 6: Thêu đăng-ten trang trí
Nhóm mũi thêu thẳng
Nhóm mũi thêu chéo
Nhóm các mũi thêu chữ thập
Nhóm mũi thêu hỗn hợp
Chương 7: Trang trí và hoàn thành bức thêu
Kéo thẳng vải nền sau khi thêu
Làm viền vải nền
Giặt rửa những bức thêu đã hoàn thành
Chương 8: Lấy ý tưởng sáng tạo các mẫu thêu
Sách tham khảo ý tưởng
Chương 9: Thiết kế hình thêu với máy vi tính
Truy cập thông tin
Thiết kế mẫu thêu bằng máy vi tính
Nhà cung cấp
Mời bạn đón đọc.",Nghệ Thuật Đan Len,20000,https://www.vinabook.com/images/thumbnails/product/240x/24226_30684.jpg,Jane Mcmorland Hunter,Nhân Văn,Nxb Thanh Hóa,Nhân Văn,8935072836825,160.0,,Bìa mềm,14.0,20.0,11/2008,164
36,sach-hoc-nghe,"Đan len hay móc chỉ đều là những nghề thủ công có từ lâu đời. Do càng ngày càng có thêm những mẫu mã mới, những nguyên vật liệu mới và các nhà thiết kế cũng không ngừng tạo nên những mẫu thời trang đẹp mắt được đan móc bằng len sợi, cho nên những vật dụng bằng len sợi vẫn còn sức thu hút những người say mê chúng.Có rất nhiều người thích nhìn ngắm và sử dụng những mặt hàng như áo quấn, khăn vớ, đồ trang sức bằng len sợi qua cách đan  hoặc móc .Mục Lục:Lời tựa1. Hoa văn truyền thống2. Hoa văn đơn giản3. Hoa văn hàng dọc4. Hoa văn hình cầu5. Hoa văn nhu nhã6. Hoa văn hàng ngang7. Hoa văn bỏ lỗi8. Hoa văn hỗn hợp.Mời bạn đón đọc.",500 Kiểu Hoa Văn Đan Len Sợi,48000,https://www.vinabook.com/images/thumbnails/product/240x/13331_p19716.jpg,Tiểu Quỳnh,,Nxb Tổng hợp TP.HCM,Quang Minh,8936016009206,300.0,,,20.0,28.0,10/2006,88
37,sach-hoc-nghe,,Nghề Phóng Viên,17000,https://www.vinabook.com/images/thumbnails/product/240x/12995_p19379.jpg,Hoàng Lê Minh,,Nxb Lao động,Thành Nghĩa,,160.0,,,13.0,19.0,12/2005,184
38,sach-hoc-nghe,,Cẩm Nang Sử Dụng Dụng Cụ Cầm Tay Cơ Khí,16000,https://www.vinabook.com/images/thumbnails/product/240x/12860_p19244.jpg,"Nguyễn Đình Triết, Nguyễn Văn Tuệ",,Nxb Đại học Quốc gia TPHCM,Thành Nghĩa,,200.0,,,14.5,20.5,04/2004,188
39,sach-hoc-nghe,,Hướng Dẫn Làm Thiệp,48000,https://www.vinabook.com/images/thumbnails/product/240x/12394_p18775.jpg,Saigon Books,,NXB Đà Nẵng,Quỳnh Mai,,220.0,,,21.0,29.0,05/2006,72
40,sach-hoc-nghe,,500 Kiểu Hoa Văn Móc Len Sợi,48000,https://www.vinabook.com/images/thumbnails/product/240x/12086_p18465.jpg,,Tiểu Quỳnh,Nxb Tổng hợp TP.HCM,Quang Minh,8936016011674,320.0,,,20.0,28.0,05/2006,88
41,sach-hoc-nghe,,Nghệ Thuật Làm Đồ Chơi Bằng Ống Hút,36000,https://www.vinabook.com/images/thumbnails/product/240x/11780_18151.jpg,Vân Vũ (Biên Soạn),Tiểu Quỳnh,Nxb Tổng hợp TP.HCM,Quang Minh,8936016008803,240.0,,Bìa mềm,14.5,20.5,03/2006,136
42,sach-hoc-nghe,"460 Kiểu Đan Móc Hiện ĐạiGiới thiệu
+ Kỹ thuật căn bản móc len sợi.
+ Kỹ thuật đan con thoi.
+ Cách trang trí với ngọc.
+Phương pháp lấy mối chỉ.
+ Đồ hình của các tác phẩm móc.
+ Kiến thức cơ bản về móc len sợi.
-Kim móc và len sợi.
- Cách cầm chỉ và kim móc.
- móc sản phẩm theo hình.
- Móc một lúc nhiều màu chỉ.
- cách nối sản phẩm.
- Tạo lỗ khuy và vòng khuy.
- Cách làm dây đai.
- Các loại mũi thẳng.
- Cách nối chỉ để móc tiếp.
- ...
Mời bạn đón đọc.",460 Kiểu Đan Móc Hiện Đại,70000,https://www.vinabook.com/images/thumbnails/product/240x/11691_p18060.jpg,,Tiểu Quỳnh(Biên Dịch),Nxb Tổng hợp TP.HCM,Quang Minh,8936016008759,570.0,,Bìa mềm,20.0,28.0,03/2011,240
43,sach-hoc-nghe,"Bạn đang học lớp 12 và đang ấp ủ nhiều dự định cho tương lai? Bạn muốn trở thành nhà ngoại giao, giám đốc kinh doanh, kế toán viên, công nhân kỹ thuật hay một hướng dẫn viên du lịch? Trong thế giới đa dạng của muôn loại ngành nghề, làm thế nào để chọn lựa cho mình một nghề nghiệp phù hợp với khả năng, sở thích và nguyện vọng? Bạn là người đã có công ăn việc làm ổn định và muốn khám phá khả năng của bản thân? Bạn muốn thay đổi môi trường làm việc và đang băn khoăn về những suy tính của mình? Bộ sách ""Đường vào nghề"" sẽ giúp bạn trả lời phần nào những câu hỏi trên, giúp bạn khi đưa ra quyết định mang tính hệ trọng của cuộc đời - quyết định lựa chọn nghề nghiệp. 
Bạn đang học lớp 12 và đang ấp ủ nhiều dự định cho tương lai? Bạn muốn trở thành nhà ngoại giao, giám đốc kinh doanh, kế toán viên, công nhân kỹ thuật hay một hướng dẫn viên du lịch? Trong thế giới đa dạng của muôn loại ngành nghề, làm thế nào để chọn lựa cho mình một nghề nghiệp phù hợp với khả năng, sở thích và nguyện vọng? Bạn là người đã có công ăn việc làm ổn định và muốn khám phá khả năng của bản thân? Bạn muốn thay đổi môi trường làm việc và đang băn khoăn về những suy tính của mình? Bộ sách ""Đường vào nghề"" sẽ giúp bạn trả lời phần nào những câu hỏi trên, giúp bạn khi đưa ra quyết định mang tính hệ trọng của cuộc đời - quyết định lựa chọn nghề nghiệp. 
Cơ hội nghề nghiệp mở ra cho tất cả mọi người, nhưng đứng trước rất nhiều lựa chọn, bạn cần có nhiều thông tin để xác định được con đường đi tới. Bộ sách ""Đường vào nghề"" bao gồm gần 20 cuốn sách. Trong đó, mỗi nghề được tổ chức thành một cuốn sách hoàn chỉnh như: nghề hàng không, kế toán, kiểm toán, PR, copywriter, MC, khách sạn, du lịch, điện ảnh, phát thanh truyền hình, quản lý nhà hàng, quản lý khách sạn, công nghệ thực phẩm, bưu chính viễn thông, ngân hàng và luật... 
""Đường vào nghề"" cung cấp cho bạn một sự hiểu biết nhất định về nghề nghiệp mà bản thân muốn chọn lựa, bởi nếu thiếu điều này, các bạn trẻ sẽ dễ nản lòng khi đối mặt với thực tế khắc nghiệt, thậm chí bỏ dở con đường của mình để làm lại từ đầu, gây ra nhiều bất cập và lãng phí cho cả gia đình và xã hội. 

Mỗi cuốn sách mở ra cho bạn cả một thế giới nghề nghiệp trong lĩnh vực bạn quan tâm. Mở đầu sẽ là những tản mạn, khái quát về lĩnh vực đó, tiếp đó bạn sẽ được khám phá những nghề nghiệp cụ thể của lĩnh vực này, sự thú vị, những sai lầm phổ biến hay gặp, những yêu cầu bắt buộc tuyển chọn nhân viên. Cuốn sách còn cung cấp cho bạn thông tin về thị trường lao động của lĩnh vực này tại Việt Nam và đưa ra những lời khuyên bổ ích. 
Đây không phải là bộ sách dịch mà là sách do các tác giả Việt Nam biên soạn, có sự tư vấn của những chuyên gia hàng đâu của chính lĩnh vực này. Chính bởi vậy, kiến thức trong sách rất gần gũi, mang tính thực tiễn cao, giúp bạn hình dung một cách rõ ràng, cụ thể và rất đáng tin cậy.
Quí vị hãy cùng chúng tôi tìm hiểu cách tiếp cận của những cuốn sách này thông qua cuốn sách về nghề PR. 
Phần 1, bạn sẽ được tìm hiểu về nghề nghiệp còn khá mới mẻ này. Bắt đầu bằng những câu chuyện rất thực tế: hãng kinh doanh đồ điện tử nọ tung ra một loạt sản phẩm mới, các chiến dịch quảng cáo liên tiếp diễn ra nhưng doanh số vẫn không đạt được đúng theo dự định. Một thời gian ngắn sau, người tiêu dùng tưởng chứng nghe nhầm khi biết tin hãng này bỏ ra mấy trăm triệu đồng để mua bản quyền một bài hát. Báo đài liên tục đưa tin. Bỗng chốc, rất nhiều người già tới trẻ con đều biết đến tên tuổi của hãng. Có thể chẳng ai biết hãng này sản xuất ra sản phẩm gì nhưng cái tên của hãng thì nhiều người biết đến. Và người ta tin rằng, một khi hãng này bỏ chừng đó tiền ra để làm một cử chỉ quá đẹp như vậy, hẳn họ phải là đơn vị kinh doanh đàng hoàng tử tế, sản phẩm của họ hẳn phải có chất lượng rất cao. Để khuyếch trương hình ảnh của một công ty thì quảng cáo chưa đủ sức để đảm đương trách nhiệm lớn lao này. Đằng sau cái cách ""chơi đẹp"" kia của ông chủ công ty là sự đạo diễn các chuyên gia PR chuyên nghiệp. 

Và cuốn sách đưa ra câu trả lời cho câu hỏi: PR là gì? Những nỗi oan của PR, Những chuyên gia PR nổi tiếng trên thế giới, các hãng PR nổi tiếng, tương lai của nghề này, thế nào là PR nội bộ, PR tại Việt Nam... Đó là những nội dung bạn sẽ được khám phá trong cuốn sách. Bên cạnh đó là những câu chuyện bên lề, chuyện vui về nghề, nhật ký PR, chuyện đó đây. 
Ở Phần 2: Vào nghề, các bạn sẽ được tìm hiểu những công việc cụ thể của nghề này, các chức danh nghề nghiệp trong lĩnh vực PR như Điều phối viên PR, chuyên gia tư vấn PR, Trưởng phòng PR, Giám đốc PR, bạn cũng sẽ biết những địa chỉ để theo học nghề này, tham khảo dánh sách một số công ty PR tại Việt Nam, được trẻ lời một số câu hỏi trắc nghiệm.

Gần 20 cuốn sách của ""Bộ sách Đường vào nghề"". Vài phút không thể giới thiệu với quý vị tất cả nội dung của những cuốn sách. Nhưng một điều có thể khẳng định, những cuốn sách này sẽ giúp bạn vững tâm hơn trong lựa chọn nghề nghiệp của bạn.",Đường Vào Nghề -  Hàng Không,46000,https://www.vinabook.com/images/thumbnails/product/240x/11307_p17664.jpg,Hồng Vân,,Nxb Trẻ,CTCP Tinh Văn,,600.0,,,16.0,24.0,04/2006,60
44,sach-hoc-nghe,,Thực Hành Đan Móc Len Sợi,79000,https://www.vinabook.com/images/thumbnails/product/240x/10709_p17041.jpg,Trịêu Thị Chơi - Tôn Kim Ngâu,,Nxb Tổng hợp TP.HCM,Xuân Hương,8935073014857,730.0,,,19.0,26.5,01/2006,276
45,sach-hoc-nghe,,Giao Tiếp Và Lễ Tân Văn Phòng,16000,https://www.vinabook.com/images/thumbnails/product/240x/9843_p15990.jpg,"Nguyễn Thị Hoà Bình, Phan Thanh Lâm",,Nxb Thống kê,CADASA,,200.0,,,14.5,20.5,03/2004,208
46,sach-hoc-nghe,,"Tự làm bìa sách, hộp và khung hình bằng đôi tay khéo léo của bạn",44000,https://www.vinabook.com/images/thumbnails/product/240x/9719_p15865.jpg,Minh Nguyệt,,Nxb Văn Nghệ TP.HCM,Fahasa,,285.0,,,19.7,26.0,,157
